plot.id,tree.no,bearing,dist,dbh,occl,species,cr.p,height,h.cr,diameter1,diameter2,notes,date,tree.no.2012
Harv_01_CP,0,0,7.4,3.5,V,Chestnut,S,4.9,5.1,4,3.5,NA,2013-09-20,156
Harv_01_CP,1,10.1,3.9,25,V,RedMaple,NA,NA,NA,NA,NA,NA,2013-09-20,NA
Harv_01_CP,2,10.1,7.6,60.7,V,RedOak,D,22,10.4,16,12.2,NA,2013-09-20,81
Harv_01_CP,3,38,8.4,19.2,V,BlackBirch,I,11.6,2.3,7.6,7.4,NA,2013-09-20,91
Harv_01_CP,4,50,12.3,15.3,V,Dead,NA,NA,NA,NA,NA,NA,2013-09-20,NA
Harv_01_CP,5,57,9,5.3,V,Chestnut,NA,NA,NA,NA,NA,NA,2013-09-20,NA
Harv_01_CP,6,61,11.8,20.5,V,RedMaple,NA,NA,NA,NA,NA,NA,2013-09-20,NA
Harv_01_CP,7,55,15.5,5.8,P,Chestnut,NA,NA,NA,NA,NA,NA,2013-09-20,NA
Harv_01_CP,8,74,18.6,20.8,P,BlackBirch,I,21.9,9.7,7.9,7.2,NA,2013-09-20,106
Harv_01_CP,9,63,6,5,V,Chestnut,NA,NA,NA,NA,NA,NA,2013-09-20,NA
Harv_01_CP,10,65,15.8,14,V,Dead,NA,NA,NA,NA,NA,NA,2013-09-20,NA
Harv_01_CP,11,85,13.4,21.3,V,BlackBirch,NA,NA,NA,NA,NA,NA,2013-09-20,NA
Harv_01_CP,12,77,4.4,58.3,V,RedOak,D,23.5,9.7,14.3,13.6,NA,2013-09-20,107
Harv_01_CP,13,112,14.2,22,V,RedMaple,NA,NA,NA,NA,NA,NA,2013-09-20,NA
Harv_01_CP,14,110,14.1,26.2,V,RedMaple,C,24.5,4,7.8,7.3,NA,2013-09-20,115
Harv_01_CP,15,91,34,8.2,V,Beech,NA,NA,NA,NA,NA,NA,2013-09-20,NA
Harv_01_CP,16,93,2.9,10.9,V,Beech,NA,NA,NA,NA,NA,NA,2013-09-20,NA
Harv_01_CP,17,95,3.3,14.6,V,Beech,NA,NA,NA,NA,NA,NA,2013-09-20,NA
Harv_01_CP,18,110,13.9,26.2,V,RedMaple,NA,NA,NA,NA,NA,NA,2013-09-20,NA
Harv_01_CP,19,143,12.8,19.8,V,RedMaple,C,16,11,4.9,8.1,NA,2013-09-20,123
Harv_01_CP,20,115,17.1,49.5,V,RedOak,NA,NA,NA,NA,NA,NA,2013-09-20,NA
Harv_01_CP,21,149,6.2,5.7,V,RedMaple,NA,NA,NA,NA,NA,NA,2013-09-20,NA
Harv_01_CP,22,128,18.2,8.5,V,RedMaple,NA,NA,NA,NA,NA,NA,2013-09-20,NA
Harv_01_CP,23,171,4.5,39,V,RedOak,NA,NA,NA,NA,NA,NA,2013-09-20,NA
Harv_01_CP,24,143,13.8,12.6,O,RedMaple,NA,NA,NA,NA,NA,NA,2013-09-20,NA
Harv_01_CP,25,171,2.5,8.5,NA,BlackBirch,NA,NA,NA,NA,NA,NA,2013-09-20,NA
Harv_01_CP,26,144,19,19.7,NA,WhiteBirch,NA,NA,NA,NA,NA,NA,2013-09-20,NA
Harv_01_CP,27,195,5.4,17.1,V,RedMaple,NA,NA,NA,NA,NA,NA,2013-09-20,NA
Harv_01_CP,28,147,11.6,27.5,P,RedMaple,NA,NA,NA,NA,NA,NA,2013-09-20,NA
Harv_01_CP,29,147,11.4,12.1,P,RedMaple,NA,NA,NA,NA,NA,NA,2013-09-20,NA
Harv_01_CP,30,147,11.2,9.8,P,RedMaple,NA,NA,NA,NA,NA,NA,2013-09-20,NA
Harv_01_CP,31,210,5.2,7.2,V,RedMaple,NA,NA,NA,NA,NA,NA,2013-09-20,NA
Harv_01_CP,32,229,4.7,10.9,NA,RedMaple,NA,NA,NA,NA,NA,NA,2013-09-20,NA
Harv_01_CP,33,229,8.6,16.4,V,RedOak,NA,NA,NA,NA,NA,NA,2013-09-20,NA
Harv_01_CP,34,152,17,24.3,V,NA,NA,NA,NA,NA,NA,NA,2013-09-20,NA
Harv_01_CP,35,154,17,25.9,V,NA,NA,NA,NA,NA,NA,NA,2013-09-20,NA
Harv_01_CP,36,182,15,19.2,V,WhiteBirch,C,21.6,10.4,2.1,2.9,NA,2013-09-20,2
Harv_01_CP,37,184,15.3,24.3,V,WhiteBirch,NA,NA,NA,NA,NA,NA,2013-09-20,NA
Harv_01_CP,38,160,13.4,25.9,V,RedOak,NA,NA,NA,NA,NA,NA,2013-09-20,NA
Harv_01_CP,39,186,15,15.1,V,RedMaple,NA,NA,NA,NA,NA,NA,2013-09-20,NA
Harv_01_CP,40,234,12.5,56.5,V,RedMaple,D,33.4,9.6,17.3,10.7,NA,2013-09-20,21
Harv_01_CP,41,165,13.5,20.3,V,RedMaple,NA,NA,NA,NA,NA,NA,2013-09-20,NA
Harv_01_CP,42,165,16.5,9.4,V,Dead,NA,NA,NA,NA,NA,NA,2013-09-20,NA
Harv_01_CP,43,172,15.4,15.6,O,WhiteOak,NA,NA,NA,NA,NA,NA,2013-09-20,NA
Harv_01_CP,44,237,11.8,19,NA,RedMaple,NA,NA,NA,NA,NA,NA,2013-09-20,NA
Harv_01_CP,45,219,15,47.5,V,RedOak,D,24.7,11.9,9.1,11.4,NA,2013-09-20,11
Harv_01_CP,46,172,18.3,42.1,NA,RedOak,NA,NA,NA,NA,NA,NA,2013-09-20,NA
Harv_01_CP,47,230,15.7,12.8,NA,RedMaple,NA,NA,NA,NA,NA,NA,2013-09-20,NA
Harv_01_CP,48,246,15.2,11.2,NA,RedMaple,NA,NA,NA,NA,NA,NA,2013-09-20,NA
Harv_01_CP,49,211,15.9,19.7,V,BlackBirch,NA,NA,NA,NA,NA,NA,2013-09-20,NA
Harv_01_CP,50,243,8,8.5,V,RedMaple,NA,NA,NA,NA,NA,NA,2013-09-20,NA
Harv_01_CP,51,249,8.6,47.4,V,RedOak,NA,NA,NA,NA,NA,NA,2013-09-20,NA
Harv_01_CP,52,260,10,26.1,V,RedOak,C,14.5,7,5.3,7.2,Top off,2013-09-20,29
Harv_01_CP,53,261,10,8.5,V,Beech,NA,NA,NA,NA,NA,NA,2013-09-20,NA
Harv_01_CP,54,261,9.4,9.6,V,Beech,NA,NA,NA,NA,NA,NA,2013-09-20,NA
Harv_01_CP,55,262,9.7,15,V,RedMaple,NA,NA,NA,NA,NA,NA,2013-09-20,NA
Harv_01_CP,56,272,7.6,15,V,RedMaple,NA,NA,NA,NA,NA,NA,2013-09-20,NA
Harv_01_CP,57,288,11.6,26.4,V,RedMaple,C,23.2,5.4,8,6.8,NA,2013-09-20,42
Harv_01_CP,58,305,13.1,16.7,V,RedMaple,NA,NA,NA,NA,NA,NA,2013-09-20,NA
Harv_01_CP,59,293,14.7,69.3,V,WhitePine,D,26.5,14.5,8.7,10.3,NA,2013-09-20,43
Harv_01_CP,60,260,15.5,21.8,V,RedMaple,NA,NA,NA,NA,NA,NA,2013-09-20,NA
Harv_01_CP,61,309,9,30.7,V,RedMaple,NA,NA,NA,NA,NA,NA,2013-09-20,NA
Harv_01_CP,62,305,13.3,12.4,V,RedMaple,NA,NA,NA,NA,NA,NA,2013-09-20,NA
Harv_01_CP,63,313,16.8,60.4,V,RedOak,NA,NA,NA,NA,NA,NA,2013-09-20,NA
Harv_01_CP,64,303,2,40.2,V,RedOak,NA,NA,NA,NA,NA,NA,2013-09-20,NA
Harv_01_CP,65,324,9,13.1,V,Dead,NA,NA,NA,NA,NA,NA,2013-09-20,NA
Harv_01_CP,66,323,2.9,19.2,V,RedMaple,NA,NA,NA,NA,NA,NA,2013-09-20,NA
Harv_01_CP,67,325,3,8.8,V,Dead,NA,NA,NA,NA,NA,RedMaple,2013-09-20,61
Harv_01_CP,68,354,15.6,29.3,V,BlackBirch,NA,NA,NA,NA,NA,NA,2013-09-20,NA
Harv_01_CP,69,357,17.2,13.9,NA,BlackBirch,NA,NA,NA,NA,NA,NA,2013-09-20,NA
Harv_01_CP,70,334,14.6,12.8,NA,BlackBirch,NA,NA,NA,NA,NA,NA,2013-09-20,NA
Harv_01_CP,71,358,17.1,20.3,NA,BlackBirch,NA,NA,NA,NA,NA,NA,2013-09-20,NA
Harv_01_CP,72,12,16.3,27.2,NA,BlackBirch,NA,NA,NA,NA,NA,NA,2013-09-20,NA
Harv_01_CP,73,15,15,14.4,NA,RedMaple,NA,NA,NA,NA,NA,NA,2013-09-20,NA
Harv_01_CP,74,5,16.6,10.8,NA,Beech,NA,NA,NA,NA,NA,NA,2013-09-20,NA
Harv_01_CP,75,50,19.3,29,NA,RedMaple,NA,NA,NA,NA,NA,NA,2013-09-20,NA
Harv_01_CP,76,55,18.4,50.3,NA,RedOak,D,26.5,11.3,12.1,11.6,NA,2013-09-20,102
Harv_01_CP,77,324,16.8,18.2,V,Beech,NA,NA,NA,NA,NA,NA,2013-09-20,NA
Harv_01_CP,78,325,18.9,13.6,V,RedMaple,NA,NA,NA,NA,NA,NA,2013-09-20,NA
Harv_01_CP,79,327,18.8,51.5,V,WhitePine,NA,NA,NA,NA,NA,NA,2013-09-20,NA
Harv_01_CP,80,272,18.3,16.2,NA,RedMaple,NA,NA,NA,NA,NA,NA,2013-09-20,NA
Harv_01_CP,81,273,18.8,18.9,NA,RedMaple,NA,NA,NA,NA,NA,NA,2013-09-20,NA
Harv_01_CP,82,273,19,17.6,O,NA,NA,NA,NA,NA,NA,NA,2013-09-20,NA
Harv_01_CP,83,219,5.5,4.8,NA,Chestnut,S,5.3,1.3,3.1,4.1,NA,2013-09-20,145
Harv_01_CP,84,10.1,3.9,10.9,V,RedMaple,NA,NA,NA,NA,NA,new,2013-09-20,NA
Harv_01_NE,1,0,5,5.9,V,RedMaple,NA,NA,NA,NA,NA,NA,2013-09-20,NA
Harv_01_NE,2,8,3.8,16.1,V,BlackBirch,NA,NA,NA,NA,NA,NA,2013-09-20,NA
Harv_01_NE,3,12.5,3.8,6.5,V,BlackBirch,NA,NA,NA,NA,NA,NA,2013-09-20,NA
Harv_01_NE,4,17,8.1,53.8,V,Oak,NA,NA,NA,NA,NA,NA,2013-09-20,NA
Harv_01_NE,5,14,19.8,60.1,P,RedMaple,NA,NA,NA,NA,NA,NA,2013-09-20,NA
Harv_01_NE,6,22,14.5,10.6,P,RedMaple,NA,NA,NA,NA,NA,NA,2013-09-20,NA
Harv_01_NE,7,38.5,12.1,15.3,V,BlackBirch,I,19,9,8.8,9.6,NA,2013-09-20,80
Harv_01_NE,8,52,19.2,14.9,V,BlackBirch,NA,NA,NA,NA,NA,NA,2013-09-20,NA
Harv_01_NE,9,61,15.1,12.7,P,BlackBirch,NA,NA,NA,NA,NA,NA,2013-09-20,NA
Harv_01_NE,10,63,14.7,51.4,V,Oak,NA,NA,NA,NA,NA,NA,2013-09-20,NA
Harv_01_NE,11,67,16,19.7,V,RedMaple,NA,NA,NA,NA,NA,NA,2013-09-20,NA
Harv_01_NE,12,71,18.1,10.3,O,BlackBirch,NA,NA,NA,NA,NA,NA,2013-09-20,NA
Harv_01_NE,13,72,10.4,49.4,V,RedOak,D,24,10.8,8.8,10.6,NA,2013-09-20,90
Harv_01_NE,14,75,15.4,18.5,V,RedMaple,NA,NA,NA,NA,NA,NA,2013-09-20,NA
Harv_01_NE,15,81,11.5,46.3,V,Oak,NA,NA,NA,NA,NA,NA,2013-09-20,NA
Harv_01_NE,16,96,18.6,29.8,P,Oak,NA,NA,NA,NA,NA,NA,2013-09-20,NA
Harv_01_NE,17,98,9.4,33,V,RedMaple,NA,NA,NA,NA,NA,NA,2013-09-20,NA
Harv_01_NE,18,98,14.6,20.6,O,RedMaple,NA,NA,NA,NA,NA,NA,2013-09-20,NA
Harv_01_NE,19,113,8.3,14,P,Hemlock,I,9.5,0,7.8,6.9,NA,2013-09-20,102
Harv_01_NE,20,119,5.5,26.7,V,Hemlock,NA,NA,NA,NA,NA,NA,2013-09-20,NA
Harv_01_NE,21,117.5,14,47.5,O,RedOak,D,25.4,11.3,11.1,11.4,NA,2013-09-20,103
Harv_01_NE,22,121,9,23.4,P,BlackBirch,NA,NA,NA,NA,NA,NA,2013-09-20,NA
Harv_01_NE,23,123,9.5,12.5,P,RedMaple,NA,NA,NA,NA,NA,NA,2013-09-20,NA
Harv_01_NE,24,131,14.2,16.4,P,BlackBirch,NA,NA,NA,NA,NA,NA,2013-09-20,NA
Harv_01_NE,25,134,16.9,15.4,P,RedMaple,NA,NA,NA,NA,NA,NA,2013-09-20,NA
Harv_01_NE,26,136,11.3,38.5,P,Dead,NA,NA,NA,NA,NA,Topless,2013-09-20,NA
Harv_01_NE,27,145,13.9,13.2,V,BlackBirch,NA,NA,NA,NA,NA,NA,2013-09-20,NA
Harv_01_NE,28,150,14.6,11.4,V,Hemlock,NA,NA,NA,NA,NA,NA,2013-09-20,NA
Harv_01_NE,29,149.5,147,11.5,P,BlackBirch,I,5.6,4.1,4.1,5.7,Broken head,2013-09-20,116
Harv_01_NE,30,152,18.2,24,O,BlackBirch,NA,NA,NA,NA,NA,NA,2013-09-20,NA
Harv_01_NE,31,154,9.7,17.9,V,BlackBirch,NA,NA,NA,NA,NA,NA,2013-09-20,NA
Harv_01_NE,32,160,8.9,9.8,V,BlackBirch,NA,NA,NA,NA,NA,NA,2013-09-20,NA
Harv_01_NE,33,168,16,12,O,BlackBirch,NA,NA,NA,NA,NA,NA,2013-09-20,NA
Harv_01_NE,34,173,14.2,16,P,Dead,NA,NA,NA,NA,NA,NA,2013-09-20,NA
Harv_01_NE,35,168,9.8,35.8,V,RedMaple,NA,NA,NA,NA,NA,NA,2013-09-20,NA
Harv_01_NE,36,175,10.3,34.4,V,Cherry,NA,NA,NA,NA,NA,NA,2013-09-20,NA
Harv_01_NE,37,190,15.9,10.2,P,BlackBirch,NA,NA,NA,NA,NA,NA,2013-09-20,NA
Harv_01_NE,38,183,19.8,16.8,P,RedMaple,I,15.5,10,6.4,7.5,NA,2013-09-20,1
Harv_01_NE,39,202,11.4,26.3,O,BlackBirch,NA,NA,NA,NA,NA,NA,2013-09-20,NA
Harv_01_NE,40,207,8.9,40,V,RedMaple,D,30,9.1,9.6,9.4,NA,2013-09-20,7
Harv_01_NE,41,202,4.6,29.5,V,RedMaple,NA,NA,NA,NA,NA,NA,2013-09-20,NA
Harv_01_NE,42,218,9.4,5.7,V,Dead,NA,NA,NA,NA,NA,NA,2013-09-20,NA
Harv_01_NE,43,214,19,20,V,RedMaple,NA,NA,NA,NA,NA,NA,2013-09-20,NA
Harv_01_NE,44,208,14,23,O,RedMaple,NA,NA,NA,NA,NA,NA,2013-09-20,NA
Harv_01_NE,45,208,17.7,34.2,O,RedMaple,NA,NA,NA,NA,NA,NA,2013-09-20,NA
Harv_01_NE,46,231,9.6,26.1,V,RedMaple,C,19,2.3,8.2,8.3,NA,2013-09-20,13
Harv_01_NE,47,232,13.1,20.4,V,RedMaple,NA,NA,NA,NA,NA,NA,2013-09-20,NA
Harv_01_NE,48,225,11,11,O,SurgarMaple,NA,NA,NA,NA,NA,NA,2013-09-20,NA
Harv_01_NE,49,235.5,8.5,43.2,V,RedMaple,NA,NA,NA,NA,NA,NA,2013-09-20,NA
Harv_01_NE,50,241,6.6,5,V,Chestnut,NA,NA,NA,NA,NA,NA,2013-09-20,NA
Harv_01_NE,51,243,18.6,15,P,Dead,NA,NA,NA,NA,NA,WhiteBirch,2013-09-20,NA
Harv_01_NE,52,245,13.1,15.5,V,BlackBirch,NA,NA,NA,NA,NA,NA,2013-09-20,NA
Harv_01_NE,53,250,7.6,17.1,V,RedMaple,NA,NA,NA,NA,NA,NA,2013-09-20,NA
Harv_01_NE,54,255,16.2,50.5,V,RedOak,D,25.6,9.6,12.8,9.9,NA,2013-09-20,25
Harv_01_NE,55,260,16.5,29.2,V,RedMaple,NA,NA,NA,NA,NA,NA,2013-09-20,NA
Harv_01_NE,56,266,12.7,14,V,BlackBirch,NA,NA,NA,NA,NA,NA,2013-09-20,NA
Harv_01_NE,57,263,9.1,5.3,V,Chestnut,NA,NA,NA,NA,NA,NA,2013-09-20,NA
Harv_01_NE,58,273,15.7,30.5,V,BlackBirch,NA,NA,NA,NA,NA,NA,2013-09-20,NA
Harv_01_NE,59,284.5,10.6,14.5,V,RedMaple,NA,NA,NA,NA,NA,NA,2013-09-20,NA
Harv_01_NE,60,286,13,30.7,V,RedOak,D,21.2,12.8,8.1,7.7,NA,2013-09-20,34
Harv_01_NE,61,284,16.5,16.6,P,BlackBirch,NA,NA,NA,NA,NA,NA,2013-09-20,NA
Harv_01_NE,62,287,16.6,12.8,P,BlackBirch,NA,NA,NA,NA,NA,NA,2013-09-20,NA
Harv_01_NE,63,288,18.4,16.5,P,RedMaple,C,18,9.5,6.5,5.6,NA,2013-09-20,36
Harv_01_NE,64,304,6.1,55.8,V,Oak,NA,NA,NA,NA,NA,NA,2013-09-20,NA
Harv_01_NE,65,304,14.8,10.7,O,BlackBirch,NA,NA,NA,NA,NA,NA,2013-09-20,NA
Harv_01_NE,66,311,15,27.1,P,RedMaple,NA,NA,NA,NA,NA,NA,2013-09-20,NA
Harv_01_NE,67,310.5,8.6,18.2,V,BlackBirch,NA,NA,NA,NA,NA,NA,2013-09-20,NA
Harv_01_NE,68,325,15.2,10.9,P,RedMaple,D,12.5,9.1,9.3,4.4,leaning,2013-09-20,52
Harv_01_NE,69,333,8.6,19.3,V,BlackBirch,D,15,9,8.9,7.5,NA,2013-09-20,53
Harv_01_NE,70,319,16.1,12.7,P,BlackBirch,NA,NA,NA,NA,NA,NA,2013-09-20,NA
Harv_01_NE,71,344,13.6,50.8,V,Oak,NA,NA,NA,NA,NA,NA,2013-09-20,NA
Harv_01_NE,72,350,11.7,23.7,V,RedMaple,NA,NA,NA,NA,NA,NA,2013-09-20,NA
Harv_01_NE,73,353,9.3,5,V,RedMaple,NA,NA,NA,NA,NA,NA,2013-09-20,NA
Harv_01_NE,74,356,10,8.4,V,Dead,NA,NA,NA,NA,NA,NA,2013-09-20,NA
Harv_01_NE,75,349,4.3,16.9,V,BlackBirch,NA,NA,NA,NA,NA,NA,2013-09-20,NA
Harv_01_NW,1,0,5.3,12.5,V,RedMaple,NA,NA,NA,NA,NA,NA,2013-09-20,NA
Harv_01_NW,2,2,5.3,18.2,P,RedMaple,NA,NA,NA,NA,NA,NA,2013-09-20,NA
Harv_01_NW,3,4,5.3,23.7,V,RedMaple,NA,28.8,9,5.6,2.5,NA,2013-09-20,1
Harv_01_NW,4,14,12.1,25.3,O,RedMaple,NA,NA,NA,NA,NA,NA,2013-09-20,NA
Harv_01_NW,5,14,11.8,28.5,V,RedMaple,NA,NA,NA,NA,NA,NA,2013-09-20,NA
Harv_01_NW,8,17,19.9,10.3,P,BlackBirch,NA,NA,NA,NA,NA,NA,2013-09-20,NA
Harv_01_NW,6,18,13.6,10,V,RedMaple,NA,NA,NA,NA,NA,NA,2013-09-20,NA
Harv_01_NW,7,18,19.8,14.6,P,RedMaple,NA,NA,NA,NA,NA,NA,2013-09-20,NA
Harv_01_NW,9,24,18.6,43.9,V,RedOak,NA,NA,NA,NA,NA,NA,2013-09-20,NA
Harv_01_NW,10,26,4.5,6.6,V,WhiteBeech,NA,NA,NA,NA,NA,NA,2013-09-20,NA
Harv_01_NW,11,31,16.4,16.9,V,WhiteBirch,NA,NA,NA,NA,NA,NA,2013-09-20,NA
Harv_01_NW,12,34,9.2,32.1,V,BlackBirch,NA,NA,NA,NA,NA,NA,2013-09-20,NA
Harv_01_NW,13,37,7.9,19.5,V,BlackBirch,NA,21.2,7.1,5,7.1,NA,2013-09-20,10
Harv_01_NW,14,40,19.6,18.5,P,BlackBirch,NA,NA,NA,NA,NA,NA,2013-09-20,NA
Harv_01_NW,15,43,17.5,22.5,V,BlackBirch,NA,NA,NA,NA,NA,NA,2013-09-20,NA
Harv_01_NW,16,50,12.7,11,V,RedMaple,NA,NA,NA,NA,NA,NA,2013-09-20,NA
Harv_01_NW,17,53,15.9,10.9,V,RedMaple,NA,NA,NA,NA,NA,NA,2013-09-20,NA
Harv_01_NW,18,59,13.3,34.1,V,RedMaple,NA,NA,NA,NA,NA,NA,2013-09-20,NA
Harv_01_NW,20,62,19.4,75.1,O,RedOak,NA,21,8.6,14.5,142,NA,2013-09-20,18
Harv_01_NW,19,64,11.2,24.3,V,BlackBirch,NA,NA,NA,NA,NA,NA,2013-09-20,NA
Harv_01_NW,21,72,19.1,50.2,O,RedOak,NA,33,11.5,9.4,30.5,NA,2013-09-20,22
Harv_01_NW,36,72,9.5,7.1,V,WhiteBirch,NA,NA,NA,NA,NA,NA,2013-09-20,NA
Harv_01_NW,22,73,16.6,42.8,V,WhitePine,NA,NA,NA,NA,NA,NA,2013-09-20,NA
Harv_01_NW,26,73,8.5,21.6,V,Dead,NA,NA,NA,NA,NA,Birch,2013-09-20,NA
Harv_01_NW,25,76,9.1,15.3,V,WhiteBirch,NA,NA,NA,NA,NA,NA,2013-09-20,NA
Harv_01_NW,23,80,14.9,31.1,V,RedOak,NA,NA,NA,NA,NA,NA,2013-09-20,NA
Harv_01_NW,24,83,10.2,13.3,V,WhiteBirch,NA,NA,NA,NA,NA,NA,2013-09-20,NA
Harv_01_NW,27,85,7.3,22.1,V,RedMaple,NA,NA,NA,NA,NA,NA,2013-09-20,NA
Harv_01_NW,29,86,19.2,12.4,V,RedMaple,NA,NA,NA,NA,NA,NA,2013-09-20,NA
Harv_01_NW,30,88,19.3,22.5,V,RedMaple,NA,NA,NA,NA,NA,NA,2013-09-20,NA
Harv_01_NW,31,95,19.2,21.4,V,WhitePine,NA,NA,NA,NA,NA,NA,2013-09-20,NA
Harv_01_NW,32,105,14.8,32.1,V,BlackBirch,NA,NA,NA,NA,NA,NA,2013-09-20,NA
Harv_01_NW,33,106,16.8,23.1,V,RedOak,NA,NA,NA,NA,NA,NA,2013-09-20,NA
Harv_01_NW,34,107,17.2,26.7,V,RedOak,NA,NA,NA,NA,NA,NA,2013-09-20,NA
Harv_01_NW,28,114,6.3,10.2,P,BlackBirch,NA,108,2,7,5.7,NA,2013-09-20,42
Harv_01_NW,44,115,13.8,24.3,V,Dead,NA,NA,NA,NA,NA,WhiteBirch,2013-09-20,NA
Harv_01_NW,35,116,6,9.8,V,BlackBirch,NA,NA,NA,NA,NA,NA,2013-09-20,NA
Harv_01_NW,43,119,12.2,16.1,P,BlackBirch,NA,NA,NA,NA,NA,NA,2013-09-20,NA
Harv_01_NW,37,121,2.2,13.4,V,BlackBirch,NA,NA,NA,NA,NA,NA,2013-09-20,NA
Harv_01_NW,42,124,8.5,5.9,O,WhiteBeech,NA,NA,NA,NA,NA,NA,2013-09-20,NA
Harv_01_NW,45,124,18.6,31.6,P,RedOak,NA,NA,NA,NA,NA,NA,2013-09-20,NA
Harv_01_NW,39,125,5,35,V,RedOak,NA,NA,NA,NA,NA,NA,2013-09-20,NA
Harv_01_NW,41,130,4.1,12.5,P,RedMaple,NA,NA,NA,NA,NA,NA,2013-09-20,NA
Harv_01_NW,40,132,4.4,21.4,O,RedMaple,NA,NA,NA,NA,NA,NA,2013-09-20,NA
Harv_01_NW,38,135,2.2,13.3,V,BlackBirch,NA,NA,NA,NA,NA,NA,2013-09-20,NA
Harv_01_NW,46,142,11,30.6,V,RedMaple,NA,NA,NA,NA,NA,NA,2013-09-20,NA
Harv_01_NW,47,143,11,32.1,V,RedMaple,NA,NA,NA,NA,NA,NA,2013-09-20,NA
Harv_01_NW,48,144,11,32.1,V,RedMaple,NA,25.1,12.8,7.8,6.3,NA,2013-09-20,63
Harv_01_NW,49,145,11,18.1,P,RedMaple,NA,NA,NA,NA,NA,NA,2013-09-20,NA
Harv_01_NW,50,145,7.6,10.1,V,RedMaple,NA,NA,NA,NA,NA,NA,2013-09-20,NA
Harv_01_NW,53,160,15.8,51.2,V,WhitePine,NA,NA,NA,NA,NA,NA,2013-09-20,NA
Harv_01_NW,54,161,16.2,13.7,O,RedMaple,NA,NA,NA,NA,NA,NA,2013-09-20,NA
Harv_01_NW,55,161,18.3,18.3,O,Beech,NA,NA,NA,NA,NA,NA,2013-09-20,NA
Harv_01_NW,51,164,2.7,14.6,V,Dead,NA,NA,NA,NA,NA,WhiteBirch,2013-09-20,NA
Harv_01_NW,56,166,13.6,13.3,V,RedOak,NA,NA,NA,NA,NA,NA,2013-09-20,NA
Harv_01_NW,57,169,19.4,60.7,V,RedOak,NA,NA,NA,NA,NA,NA,2013-09-20,NA
Harv_01_NW,58,176,17,15.1,P,BlackBirch,NA,NA,NA,NA,NA,NA,2013-09-20,NA
Harv_01_NW,52,180,4,56.2,V,RedOak,NA,23.8,13.5,12.8,13.9,NA,2013-09-20,116
Harv_01_NW,59,182,19,13.5,O,RedMaple,NA,NA,NA,NA,NA,NA,2013-09-20,NA
Harv_01_NW,60,188,19,11.9,V,RedMaple,NA,NA,NA,NA,NA,NA,2013-09-20,NA
Harv_01_NW,61,192,11.7,23.9,V,BlackBirch,NA,NA,NA,NA,NA,NA,2013-09-20,NA
Harv_01_NW,64,193,17.1,29.8,P,RedMaple,NA,NA,NA,NA,NA,NA,2013-09-20,NA
Harv_01_NW,62,194,10.2,10.4,V,BlackBirch,NA,NA,NA,NA,NA,NA,2013-09-20,NA
Harv_01_NW,63,194,18.3,43.8,P,RedOak,NA,NA,NA,NA,NA,NA,2013-09-20,NA
Harv_01_NW,65,202,10.6,31.3,V,BlackBirch,NA,NA,NA,NA,NA,NA,2013-09-20,NA
Harv_01_NW,66,207,19.4,12.3,V,RedMaple,NA,NA,NA,NA,NA,NA,2013-09-20,NA
Harv_01_NW,67,209,7.1,15.6,V,Beech,NA,NA,NA,NA,NA,NA,2013-09-20,NA
Harv_01_NW,68,215,3.9,5.5,O,RedMaple,NA,NA,NA,NA,NA,NA,2013-09-20,NA
Harv_01_NW,70,215,1.4,6.9,V,RedMaple,NA,NA,NA,NA,NA,NA,2013-09-20,NA
Harv_01_NW,69,217,3.6,19,V,BlackBirch,NA,NA,NA,NA,NA,NA,2013-09-20,NA
Harv_01_NW,95,222,17.5,47.9,V,RedOak,NA,19,9.7,8.2,8.1,NA,2013-09-20,100
Harv_01_NW,92,226,13.3,10.2,V,WhiteBirch,NA,NA,NA,NA,NA,NA,2013-09-20,NA
Harv_01_NW,94,227,19.7,15.1,V,RedMaple,NA,NA,NA,NA,NA,NA,2013-09-20,NA
Harv_01_NW,93,230,18.4,17.7,V,RedMaple,NA,NA,NA,NA,NA,NA,2013-09-20,NA
Harv_01_NW,91,233,13.7,11.2,V,RedMaple,NA,NA,NA,NA,NA,NA,2013-09-20,NA
Harv_01_NW,71,240,2.3,11.2,V,BlackBirch,NA,NA,NA,NA,NA,NA,2013-09-20,NA
Harv_01_NW,89,245,12,16,V,WhiteBirch,NA,NA,NA,NA,NA,NA,2013-09-20,NA
Harv_01_NW,90,249,16.7,25.5,V,RedMaple,NA,NA,NA,NA,NA,NA,2013-09-20,NA
Harv_01_NW,87,270,11.6,25.9,V,RedMaple,NA,NA,NA,NA,NA,NA,2013-09-20,NA
Harv_01_NW,88,271,15.7,72.5,V,RedOak,NA,22.1,7.2,17.2,15.1,NA,2013-09-20,90
Harv_01_NW,85,294,9.5,12.4,V,RedMaple,NA,NA,NA,NA,NA,NA,2013-09-20,NA
Harv_01_NW,86,294,13.3,23.9,P,WhiteBirch,NA,25.8,6.1,7.7,9.9,NA,2013-09-20,86
Harv_01_NW,84,298,17.1,33.3,V,Dead,NA,NA,NA,NA,NA,Oak,2013-09-20,NA
Harv_01_NW,83,305,15.4,15.1,V,BlackBirch,NA,NA,NA,NA,NA,NA,2013-09-20,NA
Harv_01_NW,81,311,18.9,34.2,P,RedMaple,NA,NA,NA,NA,NA,NA,2013-09-20,NA
Harv_01_NW,82,312,12,19.4,V,RedOak,NA,18.5,14.4,3.4,2.9,NA,2013-09-20,79
Harv_01_NW,79,314,15.3,14.5,V,RedMaple,NA,NA,NA,NA,NA,NA,2013-09-20,NA
Harv_01_NW,78,323,10.8,10.6,V,RedMaple,NA,NA,NA,NA,NA,NA,2013-09-20,NA
Harv_01_NW,80,326,19.1,10.7,V,RedMaple,NA,NA,NA,NA,NA,NA,2013-09-20,NA
Harv_01_NW,77,328,9.2,19.3,V,WhiteBirch,NA,18.5,11.2,4.5,2.6,NA,2013-09-20,75
Harv_01_NW,76,335,11.7,10.1,V,BlackBirch,NA,NA,NA,NA,NA,NA,2013-09-20,NA
Harv_01_NW,75,339,11.6,15.6,P,RedMaple,NA,NA,NA,NA,NA,NA,2013-09-20,NA
Harv_01_NW,73,340,2.6,20.3,V,BlackBirch,NA,NA,NA,NA,NA,NA,2013-09-20,NA
Harv_01_NW,72,352,2.4,26.4,V,BlackBirch,NA,NA,NA,NA,NA,NA,2013-09-20,NA
Harv_01_NW,74,356,19.8,68.5,V,RedOak,NA,NA,NA,NA,NA,NA,2013-09-20,NA
Harv_01_SE,1,5,15.4,27,NA,Dead,NA,NA,NA,NA,NA,WhiteBirch,2013-09-20,NA
Harv_01_SE,2,21,107,17.7,NA,RedMaple,NA,NA,NA,NA,NA,NA,2013-09-20,NA
Harv_01_SE,3,21,8.8,6.4,NA,Dead,NA,NA,NA,NA,NA,NA,2013-09-20,NA
Harv_01_SE,4,34,13,16.3,NA,RedMaple,NA,NA,NA,NA,NA,NA,2013-09-20,NA
Harv_01_SE,5,20,5.7,9.5,NA,RedMaple,NA,NA,NA,NA,NA,NA,2013-09-20,NA
Harv_01_SE,6,27,18,13.6,NA,RedMaple,NA,NA,NA,NA,NA,NA,2013-09-20,NA
Harv_01_SE,7,34,19.6,30.5,NA,WhiteBirch,NA,20.6,14.3,13.7,6.3,NA,2013-09-20,NA
Harv_01_SE,8,37,9.5,60.8,NA,RedOak,NA,NA,NA,NA,NA,NA,2013-09-20,10
Harv_01_SE,9,43,11.3,13,NA,RedMaple,NA,NA,NA,NA,NA,NA,2013-09-20,NA
Harv_01_SE,10,42,18,14,NA,Birch,NA,15.9,6.4,8.1,8.9,NA,2013-09-20,14
Harv_01_SE,11,49,18.5,18.2,NA,RedMaple,NA,NA,NA,NA,NA,NA,2013-09-20,NA
Harv_01_SE,12,62,17.9,39.1,P,RedMaple,NA,NA,NA,NA,NA,NA,2013-09-20,NA
Harv_01_SE,13,62,13.9,22.8,NA,RedMaple,NA,NA,NA,NA,NA,NA,2013-09-20,NA
Harv_01_SE,14,71,5.1,25.6,NA,BlackBirch,NA,27.2,8.7,8.1,5.1,NA,2013-09-20,26
Harv_01_SE,15,82,13.1,11.8,NA,Birch,NA,NA,NA,NA,NA,NA,2013-09-20,NA
Harv_01_SE,16,64,3.4,17.1,NA,RedMaple,NA,NA,NA,NA,NA,NA,2013-09-20,NA
Harv_01_SE,17,64,3.4,15.5,NA,RedMaple,NA,NA,NA,NA,NA,NA,2013-09-20,NA
Harv_01_SE,18,84,13.1,21,NA,Dead,NA,NA,NA,NA,NA,NA,2013-09-20,NA
Harv_01_SE,19,87,13.1,23.5,NA,RedMaple,NA,NA,NA,NA,NA,NA,2013-09-20,NA
Harv_01_SE,20,102,16.8,13.6,NA,Birch,NA,NA,NA,NA,NA,NA,2013-09-20,NA
Harv_01_SE,21,111,7.8,28.7,NA,BlackBirch,NA,23.6,15.6,7.4,8.3,NA,2013-09-20,40
Harv_01_SE,22,102,16.3,51.9,NA,Birch,NA,23.6,15.5,8.7,10.6,NA,2013-09-20,35
Harv_01_SE,23,105,10.3,14.5,NA,RedMaple,NA,NA,NA,NA,NA,NA,2013-09-20,NA
Harv_01_SE,24,106,14.4,15.9,NA,RedMaple,NA,NA,NA,NA,NA,NA,2013-09-20,NA
Harv_01_SE,25,102,16.8,20,P,Birch,NA,NA,NA,NA,NA,NA,2013-09-20,NA
Harv_01_SE,26,102,16.58,15.2,P,YellowBirch,NA,NA,NA,NA,NA,NA,2013-09-20,NA
Harv_01_SE,27,126,13.9,23.2,NA,RedMaple,NA,NA,NA,NA,NA,NA,2013-09-20,NA
Harv_01_SE,28,134,17.7,14.5,P,RedMaple,NA,NA,NA,NA,NA,NA,2013-09-20,NA
Harv_01_SE,29,135,17.5,23.2,NA,RedMaple,NA,NA,NA,NA,NA,NA,2013-09-20,NA
Harv_01_SE,30,138,19.9,38.4,NA,RedMaple,NA,NA,NA,NA,NA,NA,2013-09-20,NA
Harv_01_SE,31,140,19.9,17.6,NA,RedMaple,NA,NA,NA,NA,NA,NA,2013-09-20,NA
Harv_01_SE,32,143,12.7,32,NA,RedOak,NA,26.9,17.5,11,9.3,NA,2013-09-20,53
Harv_01_SE,33,146,14.1,16.8,NA,Birch,NA,NA,NA,NA,NA,NA,2013-09-20,NA
Harv_01_SE,34,147,7.8,37.5,NA,WhitePine,NA,22.3,17.2,6.6,7.2,NA,2013-09-20,56
Harv_01_SE,35,146,18.7,12.9,NA,Birch,NA,NA,NA,NA,NA,NA,2013-09-20,NA
Harv_01_SE,36,168,14.6,29.1,NA,Birch,NA,NA,NA,NA,NA,NA,2013-09-20,NA
Harv_01_SE,37,165,18.9,25.4,NA,RedMaple,NA,NA,NA,NA,NA,NA,2013-09-20,NA
Harv_01_SE,38,165,19.6,25.3,NA,RedMaple,NA,NA,NA,NA,NA,NA,2013-09-20,NA
Harv_01_SE,39,170,18.6,9.5,NA,BlackBirch,NA,NA,NA,NA,NA,NA,2013-09-20,NA
Harv_01_SE,40,179,19,12.9,NA,Dead,NA,NA,NA,NA,NA,NA,2013-09-20,NA
Harv_01_SE,41,176,12.5,14.3,NA,Cherry,NA,NA,NA,NA,NA,NA,2013-09-20,NA
Harv_01_SE,42,180,12.3,12.8,NA,RedMaple,NA,13.5,3.7,6.8,6.1,NA,2013-09-20,67
Harv_01_SE,43,190,8.6,49.9,NA,Oak,NA,NA,NA,NA,NA,NA,2013-09-20,NA
Harv_01_SE,44,191,14.6,25.8,P,RedMaple,NA,NA,NA,NA,NA,NA,2013-09-20,NA
Harv_01_SE,45,191,18.1,21.2,P,Cherry,NA,NA,NA,NA,NA,NA,2013-09-20,NA
Harv_01_SE,46,199,16.5,22.1,NA,RedMaple,NA,NA,NA,NA,NA,NA,2013-09-20,NA
Harv_01_SE,47,207,16.9,24.6,NA,RedOak,NA,NA,NA,NA,NA,NA,2013-09-20,NA
Harv_01_SE,48,210,15.8,27.5,NA,RedMaple,NA,NA,NA,NA,NA,NA,2013-09-20,NA
Harv_01_SE,49,213,17.4,24.4,NA,RedMaple,NA,NA,NA,NA,NA,NA,2013-09-20,NA
Harv_01_SE,50,211,6.3,24.7,NA,RedMaple,NA,NA,NA,NA,NA,NA,2013-09-20,NA
Harv_01_SE,51,187,2,26.6,NA,RedMaple,NA,NA,NA,NA,NA,NA,2013-09-20,NA
Harv_01_SE,52,241,2,17.7,NA,BlackBirch,NA,17.4,4.8,8.9,7.9,NA,2013-09-20,NA
Harv_01_SE,53,238,8.5,22,NA,RedMaple,NA,NA,NA,NA,NA,NA,2013-09-20,NA
Harv_01_SE,54,227,13,21.3,NA,RedMaple,NA,NA,NA,NA,NA,NA,2013-09-20,NA
Harv_01_SE,55,227,19.3,15.5,NA,Dead,NA,NA,NA,NA,NA,NA,2013-09-20,NA
Harv_01_SE,56,234,13,52,NA,RedOak,NA,247.2,10.5,12.6,11.5,NA,2013-09-20,87
Harv_01_SE,57,254,8.8,12.2,NA,RedMaple,NA,11.5,2.8,7.4,5.8,NA,2013-09-20,97
Harv_01_SE,58,279,6.3,19.4,NA,RedMaple,NA,NA,NA,NA,NA,NA,2013-09-20,NA
Harv_01_SE,59,253,13.7,20.3,NA,RedMaple,NA,NA,NA,NA,NA,NA,2013-09-20,NA
Harv_01_SE,60,25.3,14,18.8,P,RedMaple,NA,NA,NA,NA,NA,NA,2013-09-20,NA
Harv_01_SE,61,248,18,10.1,NA,Dead,NA,NA,NA,NA,NA,NA,2013-09-20,NA
Harv_01_SE,62,249,19.7,13.7,NA,Birch,NA,NA,NA,NA,NA,NA,2013-09-20,NA
Harv_01_SE,63,250,20,14.3,NA,Birch,NA,NA,NA,NA,NA,NA,2013-09-20,NA
Harv_01_SE,64,251,20,18.6,NA,Birch,NA,NA,NA,NA,NA,NA,2013-09-20,NA
Harv_01_SE,65,260,20,14.4,NA,RedMaple,NA,NA,NA,NA,NA,NA,2013-09-20,NA
Harv_01_SE,66,266,17.9,39.4,NA,RedMaple,NA,NA,NA,NA,NA,NA,2013-09-20,NA
Harv_01_SE,67,273,11.6,28.6,NA,WhiteBirch,NA,NA,NA,NA,NA,NA,2013-09-20,NA
Harv_01_SE,68,278,14,31.5,NA,BlackBirch,NA,18.7,8,6.6,6.9,NA,2013-09-20,108
Harv_01_SE,69,286,11.6,10,NA,RedMaple,NA,NA,NA,NA,NA,NA,2013-09-20,NA
Harv_01_SE,70,290,11.8,8.1,NA,RedMaple,NA,NA,NA,NA,NA,NA,2013-09-20,NA
Harv_01_SE,71,290,17.1,26.3,NA,Dead,NA,NA,NA,NA,NA,NA,2013-09-20,NA
Harv_01_SE,72,293,17.3,25.6,NA,RedMaple,NA,NA,NA,NA,NA,NA,2013-09-20,NA
Harv_01_SE,73,297,17.7,21.1,NA,RedMaple,NA,NA,NA,NA,NA,NA,2013-09-20,NA
Harv_01_SE,74,301,16.5,15.1,P,RedMaple,NA,NA,NA,NA,NA,NA,2013-09-20,NA
Harv_01_SE,75,300,15.58,29.6,NA,WhiteBirch,NA,NA,NA,NA,NA,NA,2013-09-20,NA
Harv_01_SE,76,305,9.8,9.1,NA,RedMaple,NA,NA,NA,NA,NA,NA,2013-09-20,NA
Harv_01_SE,77,309,15.6,19.6,NA,RedMaple,NA,NA,NA,NA,NA,NA,2013-09-20,NA
Harv_01_SE,78,313,13,16,NA,RedOak,NA,NA,NA,NA,NA,NA,2013-09-20,NA
Harv_01_SE,79,313,13.1,13.8,P,RedOak,NA,NA,NA,NA,NA,NA,2013-09-20,NA
Harv_01_SE,80,318,6.69,55.3,NA,RedOak,NA,NA,NA,NA,NA,NA,2013-09-20,NA
Harv_01_SE,81,335,7.8,7.6,NA,RedMaple,NA,NA,NA,NA,NA,NA,2013-09-20,NA
Harv_01_SE,82,329,13.2,14.6,NA,BlackBirch,NA,16.3,5.1,6.3,5.6,NA,2013-09-20,127
Harv_01_SE,83,316,17.7,42.2,P,Oak,NA,23.4,12.2,12.4,9.4,NA,2013-09-20,122
Harv_01_SE,84,333,17.5,26,NA,WhiteBirch,NA,NA,NA,NA,NA,NA,2013-09-20,NA
Harv_01_SE,85,336,17.1,24.5,NA,BlackBirch,NA,NA,NA,NA,NA,NA,2013-09-20,NA
Harv_01_SE,86,344,16.8,19.7,P,Dead,NA,NA,NA,NA,NA,WhiteBirch,2013-09-20,NA
Harv_01_SE,87,344,12.8,34.7,NA,RedOak,NA,NA,NA,NA,NA,NA,2013-09-20,NA
Harv_01_SE,88,347,13.2,11.6,NA,RedMaple,NA,NA,NA,NA,NA,NA,2013-09-20,NA
Harv_01_SE,89,353,12.6,17.9,NA,RedMaple,NA,NA,NA,NA,NA,NA,2013-09-20,NA
Harv_01_SE,90,0,7.1,9.5,NA,RedMaple,NA,9.8,5.5,6.8,6.3,NA,2013-09-20,NA
Harv_01_SE,91,140,12,30.4,NA,Oak,NA,NA,NA,NA,NA,NA,2013-09-20,NA
Harv_01_SW,1,4,12.1,22.8,P,RedOak,NA,20.5,13.1,9.9,9.3,NA,2013-09-20,1
Harv_01_SW,2,10,16.4,19.4,V,RedMaple,NA,NA,NA,NA,NA,NA,2013-09-20,NA
Harv_01_SW,3,12,19.5,21.8,V,RedMaple,NA,NA,NA,NA,NA,NA,2013-09-20,NA
Harv_01_SW,4,13,19.8,23.8,V,Maple,NA,NA,NA,NA,NA,NA,2013-09-20,NA
Harv_01_SW,5,25,19.8,25.7,V,RedMaple,NA,NA,NA,NA,NA,NA,2013-09-20,NA
Harv_01_SW,6,27,13,29.8,V,BlackBirch,NA,NA,NA,NA,NA,NA,2013-09-20,NA
Harv_01_SW,7,36,17.4,17.1,V,BlackBirch,NA,16.3,4.9,8,8.6,NA,2013-09-20,11
Harv_01_SW,8,43,11.4,71.1,V,RedOak,NA,NA,NA,NA,NA,NA,2013-09-20,NA
Harv_01_SW,9,50,4.7,9.8,V,BlackBirch,NA,NA,NA,NA,NA,NA,2013-09-20,NA
Harv_01_SW,10,62,8.4,9,V,BlackBirch,NA,NA,NA,NA,NA,NA,2013-09-20,NA
Harv_01_SW,11,66,2.3,13.6,V,RedMaple,NA,NA,NA,NA,NA,NA,2013-09-20,NA
Harv_01_SW,12,69,3.9,42.9,V,RedOak,NA,NA,NA,NA,NA,NA,2013-09-20,NA
Harv_01_SW,13,64,18.9,13,O,RedMaple,NA,NA,NA,NA,NA,NA,2013-09-20,NA
Harv_01_SW,14,69,11.8,12.3,O,RedMaple,NA,NA,NA,NA,NA,NA,2013-09-20,NA
Harv_01_SW,15,73,16.6,11.6,V,RedMaple,NA,13.9,3,5.9,5.1,NA,2013-09-20,21
Harv_01_SW,16,76,15.6,13.6,V,RedMaple,NA,NA,NA,NA,NA,NA,2013-09-20,NA
Harv_01_SW,17,78,16,11.7,V,RedMaple,NA,NA,NA,NA,NA,NA,2013-09-20,NA
Harv_01_SW,18,83,7,9.5,V,BlackBirch,NA,NA,NA,NA,NA,NA,2013-09-20,NA
Harv_01_SW,19,87,4.8,5.8,V,BlackBirch,NA,NA,NA,NA,NA,NA,2013-09-20,NA
Harv_01_SW,20,87,7.5,13.5,V,BlackBirch,NA,NA,NA,NA,NA,NA,2013-09-20,NA
Harv_01_SW,21,94,6.8,20,V,BlackBirch,NA,NA,NA,NA,NA,NA,2013-09-20,NA
Harv_01_SW,22,89,17.3,10,V,BlackBirch,NA,NA,NA,NA,NA,NA,2013-09-20,NA
Harv_01_SW,23,90,14.9,22,V,RedMaple,NA,NA,NA,NA,NA,NA,2013-09-20,NA
Harv_01_SW,24,96,19.6,32,V,RedOak,NA,NA,NA,NA,NA,NA,2013-09-20,NA
Harv_01_SW,25,97,15.9,25.4,V,RedMaple,NA,NA,NA,NA,NA,NA,2013-09-20,NA
Harv_01_SW,26,108,4.1,36.8,V,RedOak,NA,24.1,14.3,8.1,10.8,NA,2013-09-20,41
Harv_01_SW,27,108,9.6,41.5,O,RedOak,NA,NA,NA,NA,NA,NA,2013-09-20,NA
Harv_01_SW,28,108,17.8,17.4,O,BlackBirch,NA,NA,NA,NA,NA,NA,2013-09-20,NA
Harv_01_SW,29,115,8.1,46.3,V,BlackOak,NA,19.4,17.9,10.2,11.8,NA,2013-09-20,42
Harv_01_SW,30,118,8,17.7,V,RedMaple,NA,NA,NA,NA,NA,NA,2013-09-20,NA
Harv_01_SW,31,117,17,45.6,V,RedMaple,NA,NA,NA,NA,NA,NA,2013-09-20,NA
Harv_01_SW,32,140,19,14.8,V,RedMaple,NA,NA,NA,NA,NA,NA,2013-09-20,NA
Harv_01_SW,33,143,19.4,16.5,O,RedMaple,NA,NA,NA,NA,NA,NA,2013-09-20,NA
Harv_01_SW,34,143,19.3,19.2,O,RedMaple,NA,NA,NA,NA,NA,NA,2013-09-20,NA
Harv_01_SW,35,143,6,32.3,V,RedMaple,NA,17.7,8.1,6.9,11.1,NA,2013-09-20,57
Harv_01_SW,36,154,12.2,31.3,V,RedOak,NA,NA,NA,NA,NA,NA,2013-09-20,NA
Harv_01_SW,37,155,11.6,16.8,V,BlackBirch,NA,NA,NA,NA,NA,NA,2013-09-20,NA
Harv_01_SW,38,157,12.2,26,V,BlackBirch,NA,NA,NA,NA,NA,NA,2013-09-20,NA
Harv_01_SW,39,172,17.6,10.8,V,RedMaple,NA,NA,NA,NA,NA,NA,2013-09-20,NA
Harv_01_SW,40,174,17.5,11.1,V,RedMaple,NA,NA,NA,NA,NA,NA,2013-09-20,NA
Harv_01_SW,41,176,20,45.6,V,RedOak,NA,NA,NA,NA,NA,NA,2013-09-20,NA
Harv_01_SW,42,179,19.2,49.1,V,RedOak,NA,26.1,13.4,14.8,7.6,NA,2013-09-20,71
Harv_01_SW,43,188,18.5,37.9,V,RedOak,NA,NA,NA,NA,NA,NA,2013-09-20,NA
Harv_01_SW,44,193,17.2,12.5,V,RedMaple,NA,NA,NA,NA,NA,NA,2013-09-20,NA
Harv_01_SW,45,195,13,35.7,V,Beech,NA,NA,NA,NA,NA,NA,2013-09-20,NA
Harv_01_SW,46,211,19.5,53.5,V,RedOak,NA,NA,NA,NA,NA,NA,2013-09-20,NA
Harv_01_SW,47,217,11.6,11.7,V,BlackBirch,NA,10.5,5.4,8.9,6.9,NA,2013-09-20,83
Harv_01_SW,48,221,7.3,59.8,V,RedOak,NA,NA,NA,NA,NA,NA,2013-09-20,NA
Harv_01_SW,49,221,9.8,59.4,O,RedOak,NA,NA,NA,NA,NA,NA,2013-09-20,NA
Harv_01_SW,50,232,3.5,13.6,V,BlackBirch,NA,NA,NA,NA,NA,NA,2013-09-20,NA
Harv_01_SW,51,232,5.3,15.8,O,BlackBirch,NA,NA,NA,NA,NA,NA,2013-09-20,NA
Harv_01_SW,52,252,4.9,14.2,V,BlackBirch,NA,21.2,4.9,6,5.2,NA,2013-09-20,90
Harv_01_SW,53,258,3.7,15.4,V,Hemlock,NA,NA,NA,NA,NA,NA,2013-09-20,NA
Harv_01_SW,54,257,5.1,6.6,V,RedMaple,NA,NA,NA,NA,NA,NA,2013-09-20,NA
Harv_01_SW,55,268,9.6,48.1,V,RedOak,NA,NA,NA,NA,NA,NA,2013-09-20,NA
Harv_01_SW,56,258,20,38.9,O,RedOak,NA,23,6.7,8.4,9.2,NA,2013-09-20,93
Harv_01_SW,57,259,16.7,22.4,O,RedMaple,NA,NA,NA,NA,NA,NA,2013-09-20,NA
Harv_01_SW,58,259,13,46.9,V,RedMaple,NA,NA,NA,NA,NA,NA,2013-09-20,NA
Harv_01_SW,59,269,18.5,14,V,Dead,NA,NA,NA,NA,NA,Birch,2013-09-20,NA
Harv_01_SW,60,278,19.3,23.1,O,RedMaple,NA,NA,NA,NA,NA,NA,2013-09-20,NA
Harv_01_SW,61,291,15.9,52.6,V,RedOak,NA,26.6,11.2,10.6,12.3,NA,2013-09-20,104
Harv_01_SW,62,297,9.4,22,V,RedMaple,NA,NA,NA,NA,NA,NA,2013-09-20,NA
Harv_01_SW,63,299,14.4,24,V,BlackBirch,NA,NA,NA,NA,NA,NA,2013-09-20,NA
Harv_01_SW,64,322,3.1,12.2,V,BlackBirch,NA,NA,NA,NA,NA,NA,2013-09-20,NA
Harv_01_SW,65,324,3.2,7.1,V,BlackBirch,NA,6.6,4.47,6.6,3.9,NA,2013-09-20,114
Harv_01_SW,66,320,12.4,19.8,V,RedMaple,NA,NA,NA,NA,NA,NA,2013-09-20,NA
Harv_01_SW,67,312,19.7,55.4,V,RedOak,NA,NA,NA,NA,NA,NA,2013-09-20,NA
Harv_01_SW,68,322,19.8,19.5,O,RedMaple,NA,NA,NA,NA,NA,NA,2013-09-20,NA
Harv_01_SW,69,334,15.8,33.9,V,RedMaple,NA,25.3,9.2,7.4,11.5,NA,2013-09-20,115
Harv_01_SW,70,339,5.4,15.6,V,BlackBirch,NA,NA,NA,NA,NA,NA,2013-09-20,NA
Harv_01_SW,71,340,9.2,17,V,Dead,NA,NA,NA,NA,NA,RedMaple,2013-09-20,NA
Harv_01_SW,72,351,4.3,29.9,V,RedOak,NA,NA,NA,NA,NA,NA,2013-09-20,NA
Harv_01_SW,73,355,8.1,51.6,V,RedOak,NA,NA,NA,NA,NA,NA,2013-09-20,NA
Harv_01_SW,74,355,11.2,10.5,V,RedMaple,NA,NA,NA,NA,NA,NA,2013-09-20,NA
